insert into projects (id,deadline, name, status) values (1,to_date('2021-12-05', 'yyyy-mm-dd'), 'project1', 'in progress');
insert into projects (id,deadline, name, status) values (2,to_date('2022-03-25', 'yyyy-mm-dd'), 'project2', 'in progress');
insert into projects (id,deadline, name, status) values (3,to_date('2022-08-15', 'yyyy-mm-dd'), 'project3', 'new');
insert into projects (id,deadline, name, status) values (4,to_date('2021-11-11', 'yyyy-mm-dd'), 'project4', 'completed');
insert into projects (id,deadline, name, status) values (5,to_date('2021-11-05', 'yyyy-mm-dd'), 'project5', 'on hold');

insert into employees (employee_id, address, email, first_name, last_name, phone, role) values (1,'Bucuresti, sectorul 1', 'popescu.ion@ibm.com', 'ion', 'popescu', '0764214644', 'java developer');
insert into employees (employee_id, address, email, first_name, last_name, phone, role) values (2, 'Bucuresti, sectorul 3', 'ionescu.marcel@ibm.com', 'marcel', 'ionescu', '0764278944', 'java developer');
insert into employees (employee_id, address, email, first_name, last_name, phone, role) values (3, 'Bucuresti, sectorul 6', 'ungureanu.maria@ibm.com', 'maria', 'ungureanu', '0768746447', 'java developer');
insert into employees (employee_id, address, email, first_name, last_name, phone, role) values (4, 'Bucuresti, sectorul 6', 'petre.catalina@ibm.com', 'catalina', 'petre', '0765935672', 'java developer');
insert into employees (employee_id, address, email, first_name, last_name, phone, role) values (5, 'Bucuresti, sectorul 6', 'voicu.iulia@ibm.com', 'iulia', 'voicu', '0764214899', 'java developer');
insert into employees (employee_id, address, email, first_name, last_name, phone, role) values (6, 'Bucuresti, sectorul 4', 'albu.cristina@ibm.com', 'cristina', 'albu', '0764214221', 'java developer');
insert into employees (employee_id, address, email, first_name, last_name, phone, role) values (7, 'Bucuresti, sectorul 5', 'enache.daniel@ibm.com', 'daniel', 'enache', '0764214555', 'java developer');
insert into employees (employee_id, address, email, first_name, last_name, phone, role) values (8, 'Bucuresti, sectorul 5', 'voinea.stefan@ibm.com', 'stefan', 'voinea', '0764219876', 'java developer');
insert into employees (employee_id, address, email, first_name, last_name, phone, role) values (9, 'Bucuresti, sectorul 2', 'barbu.gabriela@ibm.com', 'gabriela', 'barbu', '0764214321', 'java developer');
insert into employees (employee_id, address, email, first_name, last_name, phone, role) values (10, 'Bucuresti, sectorul 2', 'costea.stefania@ibm.com', 'stefania', 'costea', '0764289655', 'java developer');
insert into employees (employee_id, address, email, first_name, last_name, phone, role) values (11, 'Bucuresti, sectorul 4', 'stefanescu.ionut@ibm.com', 'ionut', 'stefanescu', '0764200785', 'java developer');

insert into credentials(id, date_create_account, date_last_accessed, password, username, employee_id) values (1, to_date('2019-12-05', 'yyyy-mm-dd'),to_date('2021-11-05', 'yyyy-mm-dd'),'pion', 'popescuion',1);
insert into credentials(id, date_create_account, date_last_accessed, password, username, employee_id) values (2, to_date('2018-10-24', 'yyyy-mm-dd'),to_date('2021-11-06', 'yyyy-mm-dd'), 'imarcel', 'ionescumarcel', 2);
insert into credentials(id, date_create_account, date_last_accessed, password, username, employee_id) values (3, to_date('2015-03-25', 'yyyy-mm-dd'),to_date('2021-11-07', 'yyyy-mm-dd'), 'umaria', 'ungureanumaria', 3);
insert into credentials(id, date_create_account, date_last_accessed, password, username, employee_id) values (4, to_date('2015-03-26', 'yyyy-mm-dd'),to_date('2021-11-08', 'yyyy-mm-dd'), 'pcataline', 'petrecatalina', 4);
insert into credentials(id, date_create_account, date_last_accessed, password, username, employee_id) values (5, to_date('2015-03-11', 'yyyy-mm-dd'),to_date('2021-11-09', 'yyyy-mm-dd'), 'viulia', 'voicuiulia', 5);
insert into credentials(id, date_create_account, date_last_accessed, password, username, employee_id) values (6, to_date('2016-08-05', 'yyyy-mm-dd'),to_date('2021-11-08', 'yyyy-mm-dd'), 'acristina', 'albucristina', 6);
insert into credentials(id, date_create_account, date_last_accessed, password, username, employee_id) values (7, to_date('2016-08-09', 'yyyy-mm-dd'),to_date('2021-11-05', 'yyyy-mm-dd'), 'edaniel', 'enachedaniel', 7);
insert into credentials(id, date_create_account, date_last_accessed, password, username, employee_id) values (8, to_date('2017-12-15', 'yyyy-mm-dd'),to_date('2021-11-05', 'yyyy-mm-dd'), 'vstefan', 'voineastefan', 8);
insert into credentials(id, date_create_account, date_last_accessed, password, username, employee_id) values (9, to_date('2018-09-18', 'yyyy-mm-dd'),to_date('2021-11-08', 'yyyy-mm-dd'), 'bgabriela', 'barbugabriela', 9);
insert into credentials(id, date_create_account, date_last_accessed, password, username, employee_id) values (10, to_date('2017-12-04', 'yyyy-mm-dd'),to_date('2021-11-08', 'yyyy-mm-dd'), 'cstefania', 'costeastefania', 10);
insert into credentials(id, date_create_account, date_last_accessed, password, username, employee_id) values (11, to_date('2018-09-01', 'yyyy-mm-dd'),to_date('2021-11-09', 'yyyy-mm-dd'), 'sionut', 'stefanescuionut',11);

insert into tasks(task_id, deadline, name, status, project_id) values(1,to_date('2021-11-09', 'yyyy-mm-dd'), 'task1', 'in process', 1);
insert into tasks(task_id, deadline, name, status, project_id) values(2,to_date('2021-11-21', 'yyyy-mm-dd'), 'task2', 'in process', 2);
insert into tasks(task_id, deadline, name, status, project_id) values(3,to_date('2021-11-08', 'yyyy-mm-dd'), 'task3', 'in process', 3);
insert into tasks(task_id, deadline, name, status, project_id) values(4,to_date('2021-11-24', 'yyyy-mm-dd'), 'task4', 'in process', 4);
insert into tasks(task_id, deadline, name, status, project_id) values(5,to_date('2021-11-13', 'yyyy-mm-dd'), 'task5', 'in process', 5);
insert into tasks(task_id, deadline, name, status, project_id) values(6,to_date('2021-11-19', 'yyyy-mm-dd'), 'task6', 'in process', 1);
insert into tasks(task_id, deadline, name, status, project_id) values(7,to_date('2021-11-29', 'yyyy-mm-dd'), 'task7', 'in process', 2);
insert into tasks(task_id, deadline, name, status, project_id) values(8,to_date('2021-11-18', 'yyyy-mm-dd'), 'task8', 'in process', 3);
insert into tasks(task_id, deadline, name, status, project_id) values(9,to_date('2021-11-04', 'yyyy-mm-dd'), 'task9', 'in process', 4);
insert into tasks(task_id, deadline, name, status, project_id) values(10,to_date('2021-11-10', 'yyyy-mm-dd'), 'task10', 'in process', 5);
insert into tasks(task_id, deadline, name, status, project_id) values(11,to_date('2021-11-10', 'yyyy-mm-dd'), 'task11', 'done', 1);

insert into employee_task(employee_id, task_id) values(1, 6);
insert into employee_task(employee_id, task_id) values(1, 8);
insert into employee_task(employee_id, task_id) values(2, 2);
insert into employee_task(employee_id, task_id) values(2, 4);
insert into employee_task(employee_id, task_id) values(3, 11);
insert into employee_task(employee_id, task_id) values(3, 10);
insert into employee_task(employee_id, task_id) values(4, 6);
insert into employee_task(employee_id, task_id) values(4, 5);
insert into employee_task(employee_id, task_id) values(5, 3);
insert into employee_task(employee_id, task_id) values(5, 2);
insert into employee_task(employee_id, task_id) values(6, 9);
insert into employee_task(employee_id, task_id) values(6, 4);
insert into employee_task(employee_id, task_id) values(7, 1);
insert into employee_task(employee_id, task_id) values(7, 11);
insert into employee_task(employee_id, task_id) values(8, 5);
insert into employee_task(employee_id, task_id) values(8, 7);
insert into employee_task(employee_id, task_id) values(9, 1);
insert into employee_task(employee_id, task_id) values(9, 2);
insert into employee_task(employee_id, task_id) values(10, 6);
insert into employee_task(employee_id, task_id) values(10, 2);
insert into employee_task(employee_id, task_id) values(11, 6);
insert into employee_task(employee_id, task_id) values(11, 8);
insert into employee_task(employee_id, task_id) values(1, 10);
insert into employee_task(employee_id, task_id) values(5, 7);
insert into employee_task(employee_id, task_id) values(4, 9);
insert into employee_task(employee_id, task_id) values(2, 9);
insert into employee_task(employee_id, task_id) values(7, 7);
